name,description,logo,contact

,Bliv medlem på fklub.dk,flogo.svg,"info@fklub.dk"

FIT,F-Klubbens IT-udvalg,fit.svg,"Thomas Bowman (tbowma23@student.aau.dk)"

Initiv,F-Klubbens festudvalg,initiv.svg,"Theis Jensen (tmnj21@student.aau.dk)"

FLAN,F-Klubbens LAN-udvalg,flan.webp,"Wojciech Krupa (wkrupa22@student.aau.dk)"

F-Kult,F-Klubbens Filmklub,fkult.webp,"Andreas Larsen m.fl. (asla24@student.aau.dk)"

Foret,"F-Klubbens Kor og Sangskrivere",foret.png,"Sebastian H. Lorenzen 
(sloren23@student.aau.dk)"

TREOen,"Står for F-Klubbens Indkøb og Salg",flogo.svg,"Patrick Kaas Reiffenstein 
(preiff23@student.aau.dk)"

Hvem er vi? Ingen ved det - alle snakker om det,,adsl.png,"Bestyrelsen: adsl@cs.aau.dk"

Supercomputer Klubben,,asck.png,"Web: aalborg.supercomputer.club,        GitHub: aalborg-supercomputer-klubben"

Forening for studerende på interaktionsdesign,,fixd.png,"Kontaktperson: Aksel Knudsen (fixdaau@gmail.com)"

Forening af Digitaliserings- og Applikationsstuderende og Alumni,,fadase.jpg,"Kontaktperson: Cecilie Sarah Søgaard Støvring (fadaseaau@gmail.com)"
